{"cameraMode":{"drawMode":0,"name":"Shaded","section":"Shading Mode"},"sceneLighting":true,"audioPlay":false,"sceneViewState":{"showFog":true,"showMaterialUpdate":false,"showSkybox":true,"showFlares":true,"showImageEffects":true,"showParticleSystems":true},"in2DMode":false,"pivot":{"x":-24.959735870361329,"y":1.7660419940948487,"z":-6.6944169998168949},"rotation":{"x":0.0047925920225679878,"y":-0.9884752035140991,"z":0.14787718653678895,"w":0.03203604370355606},"size":19.850709915161134,"orthographic":true}