{"cameraMode":{"drawMode":0,"name":"Shaded","section":"Shading Mode"},"sceneLighting":false,"audioPlay":false,"sceneViewState":{"showFog":true,"showMaterialUpdate":false,"showSkybox":false,"showFlares":true,"showImageEffects":true,"showParticleSystems":true},"in2DMode":false,"pivot":{"x":-29.458221435546876,"y":-0.4227941036224365,"z":-20.59052276611328},"rotation":{"x":-0.1320883184671402,"y":0.6366704106330872,"z":-0.11191247403621674,"w":-0.751451313495636},"size":122.6397705078125,"orthographic":true}