{"cameraMode":{"drawMode":0,"name":"Shaded","section":"Shading Mode"},"sceneLighting":true,"audioPlay":false,"sceneViewState":{"showFog":true,"showMaterialUpdate":false,"showSkybox":true,"showFlares":true,"showImageEffects":true,"showParticleSystems":true},"in2DMode":false,"pivot":{"x":-49.8203125,"y":5.1854248046875,"z":-8.48980712890625},"rotation":{"x":-0.015156657434999943,"y":0.6919498443603516,"z":-0.014533177018165589,"w":-0.7216401100158691},"size":24.987390518188478,"orthographic":true}