{"cameraMode":{"drawMode":0,"name":"Shaded","section":"Shading Mode"},"sceneLighting":false,"audioPlay":false,"sceneViewState":{"showFog":true,"showMaterialUpdate":false,"showSkybox":false,"showFlares":true,"showImageEffects":true,"showParticleSystems":true},"in2DMode":false,"pivot":{"x":-47.849998474121097,"y":1.5220338106155396,"z":-33.58539581298828},"rotation":{"x":0.0047925920225679878,"y":-0.9884752035140991,"z":0.14787718653678895,"w":0.03203604370355606},"size":7.677083969116211,"orthographic":true}