{"cameraMode":{"drawMode":0,"name":"Shaded","section":"Shading Mode"},"sceneLighting":true,"audioPlay":false,"sceneViewState":{"showFog":true,"showMaterialUpdate":false,"showSkybox":true,"showFlares":true,"showImageEffects":true,"showParticleSystems":true},"in2DMode":false,"pivot":{"x":-19.10205078125,"y":4.33154296875,"z":-1.93115234375},"rotation":{"x":0.18191754817962647,"y":-0.23349665105342866,"z":0.044518254697322848,"w":0.9541506767272949},"size":4.609106063842773,"orthographic":true}