{"cameraMode":{"drawMode":0,"name":"Shaded","section":"Shading Mode"},"sceneLighting":false,"audioPlay":false,"sceneViewState":{"showFog":true,"showMaterialUpdate":false,"showSkybox":false,"showFlares":true,"showImageEffects":true,"showParticleSystems":true},"in2DMode":false,"pivot":{"x":-23.63900375366211,"y":1.39208984375,"z":-5.97572135925293},"rotation":{"x":-0.26793286204338076,"y":0.7010047435760498,"z":-0.3270270824432373,"w":-0.5743323564529419},"size":0.32751232385635378,"orthographic":true}